trait, Attribute 1, Attribute 2, Attribute 3, Attribute 4, Attribute 5, Attribute 6
Agreeableness, 0.0466608301554, 0.784186754815, 0.0500863332677, 0.0519553053886, 0.877635517921, 0.189475258452
Extroversion, 1.95621535053, 0.424258062499, 0.149376712879, 0.25049447725, 0.114950184744, 0.104705212096
Openness, 22.9190201994, 0.827896347759, 0.87461404376, 24.1441480281, 24.2269961949, 24.007325186
Conscientiousness, 20.7567685633, 21.3565445589, 3.00187422938, 1.66795074343, 10.8207848192, 16.3960770858
Emotional Range, 4.85176748204, 2.17300364425, 4.89150406124, 2.3739873333, 7.81921592967, 1.8905215495